Month,Product,Target,Actual_Revenue,Achievement_Pct
2024-01,Product A,290304,285750,98.4
2024-01,Product B,193308,209835,108.5
2024-01,Product C,148846,159918,107.4
2024-01,Services,244494,248717,101.7
2024-01,Licensing,93437,97478,104.3
2024-02,Product A,293857,287732,97.9
2024-02,Product B,193482,201099,103.9
2024-02,Product C,159955,152906,95.6
2024-02,Services,248617,281638,113.3
2024-02,Licensing,96608,96629,100.0
2024-03,Product A,303426,298176,98.3
2024-03,Product B,191291,201521,105.3
2024-03,Product C,146805,160413,109.3
2024-03,Services,255750,253850,99.3
2024-03,Licensing,90089,81402,90.4
2024-04,Product A,292916,338004,115.4
2024-04,Product B,208813,227048,108.7
2024-04,Product C,144887,168916,116.6
2024-04,Services,256767,236486,92.1
2024-04,Licensing,93319,107628,115.3
2024-05,Product A,297574,305873,102.8
2024-05,Product B,199700,194499,97.4
2024-05,Product C,141641,131435,92.8
2024-05,Services,245724,281295,114.5
2024-05,Licensing,99521,99607,100.1
2024-06,Product A,300246,306034,101.9
2024-06,Product B,193797,179572,92.7
2024-06,Product C,141503,127736,90.3
2024-06,Services,244534,265500,108.6
2024-06,Licensing,95587,94825,99.2
2024-07,Product A,304343,355298,116.7
2024-07,Product B,198791,227809,114.6
2024-07,Product C,143045,143665,100.4
2024-07,Services,251230,238971,95.1
2024-07,Licensing,103132,104377,101.2
2024-08,Product A,304959,297675,97.6
2024-08,Product B,202639,221519,109.3
2024-08,Product C,155671,174970,112.4
2024-08,Services,245465,228689,93.2
2024-08,Licensing,91921,107992,117.5
2024-09,Product A,295223,274274,92.9
2024-09,Product B,209357,216716,103.5
2024-09,Product C,158643,172913,109.0
2024-09,Services,245939,263443,107.1
2024-09,Licensing,101750,108993,107.1
2024-10,Product A,294281,304658,103.5
2024-10,Product B,205994,191909,93.2
2024-10,Product C,153476,157066,102.3
2024-10,Services,242075,235600,97.3
2024-10,Licensing,100296,90614,90.3
2024-11,Product A,307197,342496,111.5
2024-11,Product B,208895,230339,110.3
2024-11,Product C,147339,172948,117.4
2024-11,Services,251085,262471,104.5
2024-11,Licensing,93120,95094,102.1
2024-12,Product A,298145,308562,103.5
2024-12,Product B,202611,190783,94.2
2024-12,Product C,158295,182004,115.0
2024-12,Services,241788,218398,90.3
2024-12,Licensing,95142,99096,104.2
